"";"name";"brewery";"beer_type";"alc";"blg";"fermentation";"price"
"1";"AleBrowar Be Like Mitch- But. 0,5l";"alebrowar";"pszeniczne";4,4;11,6;"top";8,99
"2";"AleBrowar Boris is Boris – But. 0,5l";"alebrowar";"stout";10;30;"top";19,99
"3";"AleBrowar Chill Guru Terpenes 0,5l";"alebrowar";"ipa";4,2;14;"top";12,99
"4";"AleBrowar Crazy Mike- But. 0,5l";"alebrowar";"ipa";8;20;"top";10,79
"5";"AleBrowar Hey Alexei – But. 0,5l";"alebrowar";"stout";10;30;"top";22,99
"6";"AleBrowar Imperial Smoky Joe 0,33l puszka";"alebrowar";"stout";9;24;"top";11,99
"7";"AleBrowar King of Hop- But. 0,5l";"alebrowar";"ale";5;12;"top";8,49
"8";"AleBrowar Lady Blanche- But. 0,5l";"alebrowar";"pszeniczne";4,5;12;"top";7,29
"9";"AleBrowar Let’s Surf – But. 0,5l";"alebrowar";"ale";2,8;9;"top";8,99
"10";"AleBrowar Mash Face – But. 0,5l";"alebrowar";"ipa";3,6;16;"top";11,49
"11";"AleBrowar Mela Mela- But. 0,5l";"alebrowar";"ale";4,1;12;"top";10,49
"12";"AleBrowar Naked Mummy- But. 0,5l";"alebrowar";"ale";6,2;16;"top";9,59
"13";"AleBrowar Rowing Jack 0,5l";"alebrowar";"ipa";6,2;16;"top";9,59
"14";"AleBrowar Saint No More – But. 0,5l";"alebrowar";"stout";6,2;16;"top";29,99
"15";"AleBrowar Saint No More Simcoe 0,5l";"alebrowar";"ipa";6,2;16;"top";9,69
"16";"AleBrowar Spicy Mummy – But. 0,5l";"alebrowar";"ale";4,2;16;"top";11,49
"17";"AleBrowar Sweet Cow Churros 0,5l";"alebrowar";"stout";6,5;24;"top";14,99
"18";"AleBrowar Sweet Cow Raspberry 0,5l";"alebrowar";"stout";6,5;24;"top";14,99
"19";"AleBrowar Vlad is Glad – But. 0,5l";"alebrowar";"stout";10;30;"top";22,99
"20";"AleBrowar World of IPA Brut 0,5l";"alebrowar";"ipa";7,7;16;"top";12,99
"21";"AleBrowar World of IPA East Coast 0,5l";"alebrowar";"ipa";6,6;18;"top";12,99
"22";"AleBrowar World of IPA Hazy West Coast Pacific";"alebrowar";"ipa";5,5;16;"top";12,99
"23";"AleBrowar World of IPA Japan 0,5l";"alebrowar";"ipa";6,2;16;"top";12,99
"24";"AleBrowar World of IPA Polish 0,5l";"alebrowar";"ipa";6,6;16;"top";10,69
"25";"AleBrowar World of IPA RPA 0,5l puszka";"alebrowar";"ipa";4,6;14;"top";12,99
"26";"AleBrowar World of IPA Vermont 0,5l puszka";"alebrowar";"ipa";4,6;14;"top";13
"27";"Amber APA- American Pale Ale-  0,5l";"amber";"apa";5,2;12,1;"top";6,49
"28";"Amber India Pale Ale 500 ml – puszka";"amber";"ipa";5,8;14,5;"top";7,49
"29";"Amber Pszeniczniak – But. 0,5l";"amber";"pszeniczne";5,2;12,1;"top";6,49
"30";"Artezan Zegarki Błonie – But. 0,5l";"artezan";"pils";5;12;"bottom";9,99
"31";"Bestbir Ananasowy– But. 0,5l";"staropolski";"lager";4,7;10;"bottom";5,89
"32";"Bestbir Cytryna- – But. 0,5l";"staropolski";"lager";4,7;10;"bottom";5,89
"33";"Bestbir Czekolada z Pomarańczą-But. 0,5l";"staropolski";"lager";4,7;10;"bottom";5,89
"34";"Bestbir Dzika Róża- But. 0,5l";"staropolski";"lager";4,7;10;"bottom";5,89
"35";"Bestbir Gruszka z Melisą-But. 0,5l";"staropolski";"lager";4,7;10;"bottom";5,89
"36";"Bestbir Imbir z Miodem- But. 0,5l";"staropolski";"lager";4,7;10;"bottom";5,89
"37";"Bestbir Kokosowy– But. 0,5l";"staropolski";"lager";4,7;10;"bottom";5,89
"38";"Bestbir Letnia Śliwka- But.0,5l";"staropolski";"lager";4,7;10;"bottom";5,89
"39";"Bestbir Malina Pigwa- But. 0,5l";"staropolski";"lager";4,7;10;"bottom";5,89
"40";"Bestbir Męski lager – But. 0,5l";"staropolski";"lager";6,1;12;"bottom";5,49
"41";"Bestbir Miód Cytryna- But .0,5l";"staropolski";"lager";4,7;10;"bottom";5,89
"42";"Bestbir Pacific Brzoskwinia- But. 0,5l";"staropolski";"lager";4,7;11;"bottom";5,89
"43";"Bestbir Pacific Mango Ananas-But. 0,5l";"staropolski";"pszeniczne";4,7;11;"top";5,89
"44";"Bestbir Pieczone Jabłko-But.0,5l";"staropolski";"lager";4,7;10;"bottom";5,89
"45";"Bestbir PUSZKA Malina & Pigwa-0,5l puszka";"staropolski";"lager";4,7;10;"bottom";5,49
"46";"Birbant 7 Bridges 0,5l puszka";"birbant";"ipa";8,1;21;"top";16,69
"47";"Birbant 7 Dreams 0,5l puszka";"birbant";"ipa";7,4;19;"top";14,49
"48";"Birbant 7 Heaven – 0,5l puszka";"birbant";"ipa";6;16,5;"top";13,49
"49";"Birbant 7:24 330 ml puszka";"birbant";"stout";10,5;24;"top";17,99
"50";"Birbant 777 — 500 ml puszka";"alebrowar";"ipa";8,7;21;"top";32,39
"51";"Birbant APA Klasyczna- But. 0,5l";"birbant";"apa";5,1;12;"top";7,98
"52";"Birbant It’s Even More Peaty 0,33l puszka";"birbant";"stout";10,9;30;"top";32,39
"53";"Birbant Kiribati – 0,5l puszka";"birbant";"ipa";6,7;16,5;"top";13,49
"54";"Birbant Kiss the Beast 0,5l puszka";"birbant";"ipa";8,5;19,1;"top";13,49
"55";"Birbant Limbo – 0,5l puszka";"birbant";"ipa";7,8;19;"top";14,49
"56";"Birbant Mango Weizen 0,5l";"birbant";"pszeniczne";5,2;12;"top";6,19
"57";"Birbant Oblivion 0,5l puszka";"birbant";"ipa";7,9;19;"top";14,99
"58";"Birbant Pianka – 500 ml puszka";"birbant";"ipa";5,2;14;"top";14,49
"59";"Birbant Revolta 0,5l puszka";"birbant";"ipa";8,3;21;"top";16,69
"60";"Birbant Saga  Session IPA 0,5l puszka";"birbant";"ipa";5,7;14;"top";14,49
"61";"Birbant Scuby – IPA – 0,5l puszka";"birbant";"ipa";8,5;19;"top";13,49
"62";"Birbant Starfish 0,5l puszka";"birbant";"ipa";7,2;19,1;"top";13,49
"63";"Birbant The Seventh Seal 0,5l puszka";"birbant";"ipa";6,7;19;"top";14,49
"64";"Birbant Tiamat 0,33l puszka";"birbant";"stout";10,5;24;"top";16,99
"65";"Birbant Topaz – 0,5l puszka";"birbant";"ipa";8,5;19;"top";14,69
"66";"Birbant Toyboy 0,5l puszka";"birbant";"ipa";5,2;14;"top";12,69
"67";"Birbant Wulver – 0,33l puszka";"birbant";"stout";10,5;24;"top";17,99
"68";"Birbant Yummy Session IPA 0,5l";"birbant";"ipa";5,7;14;"top";9,79
"69";"Brokreacja All Beers Matter Belgian Blond Ale";"brokreacja";"ale";6,8;16;"top";10,69
"70";"Brokreacja Another One, Please! Fruit Hefeweizen";"brokreacja";"pszeniczne";4;10;"top";9,59
"71";"Brokreacja Ardeal 0,5l puszka";"brokreacja";"ipa";6;15;"top";14,49
"72";"Brokreacja Buried Alive – but. 0,33l";"brokreacja";"stout";11;28;"top";22,99
"73";"Brokreacja Candy Crone – But. 0,5l";"brokreacja";"stout";10,5;32;"top";23,99
"74";"Brokreacja Fate 0,5l puszka";"brokreacja";"ale";5,6;18;"top";13,99
"75";"Brokreacja Kind Sir – 0,5l puszka";"brokreacja";"ipa";6,3;15;"top";14,49
"76";"Brokreacja Ludzie trzymajcie kapelusze BBA";"brokreacja";"stout";10,1;28;"top";27,99
"77";"Brokreacja Lyra – 0,5l puszka";"brokreacja";"ale";5,8;19;"top";14,49
"78";"Brokreacja Maiden – 0,5l puszka";"brokreacja";"ipa";7,5;16;"top";14,49
"79";"Brokreacja Not Alone – But. 0,33l";"brokreacja";"ale";8,9;24;"top";18,49
"80";"Brokreacja Paris Syndrome Bourbon BA";"brokreacja";"stout";10;32;"top";27,99
"81";"Brokreacja Savage 001 Cherry Wild Ale 0,5l";"brokreacja";"ale";7,7;16;"top";54,99
"82";"Brokreacja Savage 003 Blackcurrant Wild Ale 0,5l";"brokreacja";"ale";6,5;16;"top";54,99
"83";"Brokreacja Savage 004 Flander Red Ale 0,5l";"brokreacja";"ale";8;16;"top";54,99
"84";"Brokreacja Sun of Peru 0,5l";"brokreacja";"ipa";6;14;"top";12,69
"85";"Brokreacja The Actor – But. 0,5l";"brokreacja";"ale";5,5;12;"top";7,98
"86";"Brokreacja The Alchemist 0,5l puszka";"brokreacja";"ipa";6,4;16;"top";10,98
"87";"Brokreacja The Butcher 0,5l puszka";"brokreacja";"ipa";7;16;"top";10,98
"88";"Brokreacja The Dealer – But. 0,5l";"brokreacja";"apa";4,7;12;"top";8,99
"89";"Brokreacja The Teacher 0,5l";"brokreacja";"pils";4,8;12;"bottom";8,99
"90";"Brokreacja The Waiter – But. 0,5l";"brokreacja";"stout";5,2;16;"top";9,99
"91";"Browar Cieszyn Lager butelka 0,5l";"cieszyn";"lager";5;11,5;"bottom";6,99
"92";"Browar Cieszyn Mastne 0,5l";"cieszyn";"ale";5,8;13;"top";8,49
"93";"Browar Cieszyn Pszeniczne 0,5l";"cieszyn";"pszeniczne";5,4;12,5;"top";8,49
"94";"Browar Cieszyn Stout – But. 500 ml";"cieszyn";"stout";6,2;14;"top";9,99
"95";"Browar Jako Złoty Łan IPA-But. 0,5l";"browar jako";"ipa";6,5;15,5;"top";5,49
"96";"Browar Zakładowy Kolektyw 0,5l";"browar zakładowy";"ipa";9;21;"top";14,99
"97";"Browar Zakładowy Piwo typu IPA 0,5l";"browar zakładowy";"ipa";7,4;18;"top";12,69
"98";"Browar Zakładowy Wycieczka do Australii";"browar zakładowy";"ipa";6,1;14;"top";11,39
"99";"Browar Zakładowy Zabawa 0,5l";"browar zakładowy";"ipa";5,9;14;"top";11,69
"100";"Browarny One More Time – But. 0,5l";"browarny";"ipa";7,2;18;"top";13,49
"101";"Buh Ale – Uwolnij Buha – butelka 500 ml";"tenczynek";"ale";5;11,5;"top";8,99
"102";"Bytów Czarna porzeczka- But. 0,5l";"bytów";"lager";4,9;11;"bottom";6,99
"103";"Bytów Smaki Truskawkowe- But. 0,5l";"bytów";"lager";5,5;12,5;"bottom";6,49
"104";"Bytów Upalony Walo- But. 0,5l";"bytów";"lager";4,9;11;"bottom";6,49
"105";"Cieszyn Ice Tea IPA – But. 0,5l";"cieszyn";"ipa";7,2;16;"top";11,99
"106";"Cieszyn Noszak – butelka 0,5l";"cieszyn";"lager";5,5;12;"bottom";6,99
"107";"Cornelius Hazy APA – But. 0,5l";"cornelius";"apa";5;12,5;"top";5,49
"108";"Cornelius Hazy IPA- But. 0,5l";"cornelius";"ipa";6,5;15,5;"top";5,49
"109";"Cornelius Hazy Lager- But. 0,5l";"cornelius";"lager";4,5;12;"bottom";3,99
"110";"Czarna Owca Ciemny Typ 0.5l";"czarna owca";"stout";5,5;14;"top";9,99
"111";"Czarna Owca Leżak Kociewski – But. 0,5l";"czarna owca";"lager";4,8;12;"bottom";9,59
"112";"Czarna Owca Polish Tank – But. 0,5l";"czarna owca";"ipa";5,5;14;"top";12,99
"113";"Czarna Owca Wielki złol – But. 0,5l";"czarna owca";"stout";8;18;"top";11,69
"114";"Cześć Brat Biorę w ciemno 0,5l";"cześć brat";"ipa";6;15;"top";10,98
"115";"Cześć Brat Biorę w ciemno z kawą 0,5l";"cześć brat";"ipa";6;15;"top";10,98
"116";"Cześć Brat Jelczańskie – But. 0,5l";"cześć brat";"pils";5,1;12;"bottom";8,49
"117";"Cztery Ściany Jama 0,5l puszka";"cztery ściany";"ipa";6;15;"top";11,99
"118";"Cztery Ściany Kamper 0,5l puszka";"cztery ściany";"ipa";6,2;15;"top";11,99
"119";"Cztery Ściany Loft 0,5l puszka";"cztery ściany";"pils";4,6;12;"bottom";11,69
"120";"Deer Bear Barber Shop 0,5l puszka";"deer bear";"ipa";6;16;"top";13,99
"121";"Deer Bear Bistro Cookie Stout 0,5l puszka";"deer bear";"stout";11;29;"top";18,49
"122";"Deer Bear Call the Dragon 0,5l puszka";"deer bear";"ipa";6,5;18;"top";14,99
"123";"Deer Bear Candy Shop Marshmallow 0,33l";"deer bear";"stout";9;25;"top";15,49
"124";"Deer Bear Capitain – But. 0,5l";"deer bear";"ipa";5,2;13;"top";11,49
"125";"Deer Bear HandyMan – But. 0,5l";"deer bear";"apa";3,8;10;"top";10,28
"126";"Deer Bear Ice Swimmer 0,5l puszka";"deer bear";"ipa";7;18;"top";11,99
"127";"Deer Bear Katsumoto 0,5l puszka";"deer bear";"ipa";7;18;"top";14,49
"128";"Deer Bear Sakura 0,5l puszka";"deer bear";"ipa";6;16;"top";13,99
"129";"Deer Bear Santiago Dir Ber 0,33l";"deer bear";"stout";9;25;"top";29,99
"130";"Deer Bear Say My Name 0,5l puszka";"deer bear";"ipa";6,7;15;"top";13,9
"131";"Deer Bear Slam Dunk 0,5l puszka";"deer bear";"ipa";8;19;"top";14,99
"132";"Deer Bear Tres Por Tres Barbados BA 0,33l";"deer bear";"stout";12;30;"top";19,99
"133";"Deer Bear Tres Por Tres Bourbon BA 0,33l";"deer bear";"stout";12;30;"top";19,99
"134";"Doctor Brew Double IPA 0,5l";"doctor brew";"ipa";8;18;"top";9,99
"135";"Doctor Brew Molly IPA 0,5l";"doctor brew";"ipa";7,1;16;"top";8,49
"136";"Doctor Brew Summer Ale 0,5l";"doctor brew";"ale";4,2;11;"top";7,98
"137";"Doctor Brew Vermont IPA 0,5l";"doctor brew";"ipa";5,8;14,5;"top";7,98
"138";"Dziki Wschód Czaj apacza- But. 0,5l";"dziki wschód";"apa";5;12;"top";9,99
"139";"Dziki Wschód Exa-Ma-Gozua 0,33l";"dziki wschód";"stout";12,54;28;"top";26,99
"140";"Dziki Wschód King Kong 0,5l";"dziki wschód";"stout";6;16;"top";9,99
"141";"Dziki Wschód Matho Wanathaka 0,33l";"dziki wschód";"stout";12,54;30;"top";24,99
"142";"Dziki Wschód New Wave 0,5l puszka";"dziki wschód";"ipa";6,6;16;"top";14,49
"143";"Dziki Wschód Samotny jeździec 0,5l";"dziki wschód";"pils";4,5;11;"bottom";8,99
"144";"Dziki Wschód Szalony koń 0,5l";"dziki wschód";"ale";4,5;12;"top";9,48
"145";"Dziki Wschód Tańczący z chmielami 0,5l";"dziki wschód";"ipa";6,3;15;"top";10,98
"146";"Dziki Wschód TJMMNW 0,5l";"dziki wschód";"pils";4,5;11;"bottom";8,99
"147";"Dziki Wschód Totem Yakima 0,5l puszka";"dziki wschód";"ipa";7;18;"top";11,69
"148";"Dziki Wschód Tytanowa czacha 0,5l";"dziki wschód";"ipa";8;18;"top";11,49
"149";"Dziki Wschód W samo południe 0,5l";"dziki wschód";"lager";4;10;"bottom";8,49
"150";"Dziki Wschód Wild Wild East 0,375l";"dziki wschód";"ale";5;12;"top";34,99
"151";"Dziki Wschód Wild Wild East Earl Grey 0,375l";"dziki wschód";"ale";5;12;"top";33,39
"152";"Fortunatus IV – butelka 0,33l";"fortuna";"ipa";8;18;"top";21,99
"153";"Funky Fluid Catcher – But. 0,5l";"funky fluid";"stout";8,2;18;"top";11,49
"154";"Funky Fluid Creamy 0,5l puszka";"funky fluid";"ipa";5,3;14;"top";14,49
"155";"Funky Fluid Damn Good Coffee 0,5l puszka";"funky fluid";"ipa";8;19;"top";15,99
"156";"Funky Fluid DDH Uncle from Warsaw 0,5l puszka";"funky fluid";"ipa";6,6;16;"top";14,49
"157";"Funky Fluid German Pils – But. 0,5l";"funky fluid";"pils";5;12;"bottom";7,98
"158";"Funky Fluid Goofy DDH 0,5l puszka";"funky fluid";"ipa";7,5;18;"top";11,99
"159";"Funky Fluid It Was a Good Day 0,5l";"funky fluid";"ipa";5,5;14;"top";11,99
"160";"Funky Fluid Pumpkin Ale with Maple Syrup";"funky fluid";"ale";9;21;"top";13,49
"161";"Funky Fluid Respect Your Elders 0,5l puszka";"funky fluid";"ipa";10;20;"top";15,99
"162";"Funky Fluid Sandy- But. 0,5l";"funky fluid";"pszeniczne";4,8;12;"top";7,79
"163";"Funky Fluid Sweet Scream 0,5l puszka";"funky fluid";"ipa";8,9;21;"top";15,99
"164";"Funky Fluid Winter Cake 0,5l";"funky fluid";"stout";7,4;18;"top";11,49
"165";"Geeky Freaky First Contact – But. 0,5l";"geeky freaky";"apa";4,8;12;"top";9,99
"166";"Golem Bina – 500ml puszka";"golem";"stout";9;24;"top";18,99
"167";"Golem Last Caress 0,5l puszka";"golem";"ipa";5,6;15;"top";14,19
"168";"Golem Lock Up the Wolves 0,5l puszka";"golem";"ipa";5,5;16;"top";14,49
"169";"Golem Love in a Cold World 0,5l puszka";"golem";"ipa";6;15;"top";14,19
"170";"Golem Still of the Night 0,5l puszka";"golem";"ipa";5,5;16;"top";14,49
"171";"Golem Synthetic Love 0,5l puszka";"golem";"ipa";6;15;"top";14,19
"172";"Golem Turbo Lover 0,5l puszka";"golem";"ipa";5,6;15;"top";14,19
"173";"Grodziskie APA- But. 0,5l b/zwr";"grodziskie";"apa";5,2;12,5;"top";6,19
"174";"Grodziskie Session Ale 0,5l b/zwr";"grodziskie";"ale";4,5;9,7;"top";6,19
"175";"Grodziskie White IPA 0,5l b/zwr";"grodziskie";"ipa";6;14;"top";6,19
"176";"Gwarek Bihop Plazma #1 0,5l puszka";"gwarek";"ipa";7,8;18;"top";13,49
"177";"Gwarek Bihop Plazma #2 0,5l puszka";"gwarek";"ipa";6,5;14;"top";12,69
"178";"Gwarek Bihop Plazma #3 0,5l puszka";"gwarek";"ipa";7;16;"top";12,99
"179";"Gwarek Bihop Plazma #4 0,5l puszka";"gwarek";"ipa";6,5;16;"top";12,99
"180";"Gwarek Ciemna materia 0,5l puszka";"gwarek";"ipa";6,5;16;"top";12,99
"181";"Gwarek Cyklotem – But. 0,5l";"gwarek";"stout";8,5;24;"top";15,99
"182";"Gwarek Fruktuacja – 0,5l puszka";"gwarek";"ipa";6,8;18;"top";13,49
"183";"Gwarek Hella 0,5l – puszka";"gwarek";"ipa";8,3;18;"top";13,99
"184";"Gwarek Kia Ora 0,5l puszka";"gwarek";"ipa";7,3;19;"top";13,99
"185";"Gwarek Owsiane wzgórza 0,5l";"gwarek";"ipa";6;15,1;"top";10,98
"186";"Gwarek Pale Ale’Ozoic 0,5l puszka";"gwarek";"ale";4,5;12;"top";11,49
"187";"Gwarek Przodowy-Hazy Apa-  But. 0,5l";"gwarek";"apa";5;13,5;"top";9,99
"188";"Gwarek Stratus – But. 500 ml";"gwarek";"apa";5;13,5;"top";11,69
"189";"Gwarek Sztygar 500 ml puszka";"gwarek";"pils";4,5;11;"bottom";9,99
"190";"Hamowniki Bawarskie – But. 0,45l";"hamowniki";"pszeniczne";4,8;12;"top";6,69
"191";"Hamowniki Czeskie – But. 0,45l";"hamowniki";"pils";3,7;10;"bottom";5,99
"192";"Harpagan APA – But. 500 ml";"harpagan";"apa";5,6;12;"top";7,98
"193";"Harpagan Buzdygan turborozkoszy BA 0,3l";"harpagan";"stout";16;33;"top";29,99
"194";"Harpagan Ekstaza Pramakaka – But. 0,5l";"harpagan";"ale";5,6;12;"top";9,99
"195";"Harpagan Guerilla Gila 0,5l puszka";"harpagan";"ipa";7,2;16,5;"top";14,99
"196";"Harpagan Hefeweizen – But. 0,5l";"harpagan";"pszeniczne";5,6;12;"top";7,49
"197";"Harpagan Hefeweizen Mango – But. 0,5l";"harpagan";"pszeniczne";5,6;12;"top";8,79
"198";"Harpagan Imbryczek destrukcji – But. 0,5l";"harpagan";"pszeniczne";5,6;12;"top";10,98
"199";"Harpagan Kazuar chichotliwy 0,5l puszka";"harpagan";"ipa";6,3;16,5;"top";14,99
"200";"Harpagan Korkotrampki popłochu 0,5l";"harpagan";"pils";4,4;10,5;"bottom";9,99
"201";"Harpagan Mizianie mamuta 0,5l";"harpagan";"ipa";5,6;15;"top";10,98
"202";"Harpagan Pils – But. 500 ml";"harpagan";"pils";5,6;12;"bottom";7,79
"203";"Harpagan Surdut splendoru Laphroaig";"harpagan";"ale";14;24;"top";19,99
"204";"Harpagan Tamandua baletowa 0,5l puszka";"harpagan";"pszeniczne";5,6;14;"top";14
"205";"Harpagan Tkacz przeznaczenia 0,33l";"harpagan";"stout";10,6;24,5;"top";15,99
"206";"Harpagan Wilkor oporowy 0,5l puszka";"harpagan";"ipa";7,1;19,1;"top";10,69
"207";"Harpagan Witbier – But. 500 ml";"harpagan";"pszeniczne";5,6;12;"top";8,49
"208";"Hop Cone No. 1 – 0,5l puszka";"hop cone";"ipa";7,5;18;"top";13,49
"209";"Hop Cone No. 2 – 0,5l puszka";"hop cone";"apa";4,8;12;"top";12,48
"210";"Hopito Alien City – 0,5l puszka";"hopito";"ipa";5,8;15;"top";13,99
"211";"Hopito Armagedon – 0,5l puszka";"hopito";"ipa";5,7;15;"top";13,49
"212";"Hopito Badass – 0,44l puszka";"hopito";"stout";12;30;"top";44,99
"213";"Hopito Butcher Pig – 0,5l puszka";"hopito";"ipa";7,6;19;"top";14,99
"214";"Hopito Chillout – 0,5l puszka";"hopito";"ipa";6,1;16;"top";13,49
"215";"Hopito Doggy District 0,5l puszka";"hopito";"ipa";7,7;19;"top";13,49
"216";"Hopito Ghost Train 0,5l puszka";"hopito";"ipa";8;19;"top";13,99
"217";"Hopito Hyped Art 0,5l puszka";"hopito";"ipa";7,9;19;"top";13,99
"218";"Hopito Hypnotize 0,5l puszka";"hopito";"ipa";6,1;16;"top";11,99
"219";"Hopito Monster APA – But. 0,5l";"hopito";"apa";5;12;"top";10,98
"220";"Hopito Monster Race 0,5l puszka";"hopito";"ipa";6;16;"top";13,49
"221";"Hopito Neon World 0,5l puszka";"hopito";"ipa";6,2;16;"top";12,99
"222";"Hopito Pizza Vibe 0,44l puszka";"hopito";"ipa";6,2;16;"top";11,99
"223";"Hopito Rock the Hop – 0,5l puszka";"hopito";"ipa";4,8;12;"top";13,49
"224";"Hopito Skulls – 500 ml puszka";"hopito";"ipa";4,8;12;"top";12,99
"225";"Hopito Street Party 0,44l puszka";"hopito";"ipa";6;15;"top";11,69
"226";"Hopito Super Heroes – But. 0,5l";"hopito";"ipa";6;16;"top";10,98
"227";"Hopito Wheat Club – But. 0,5l";"hopito";"pszeniczne";5;12;"top";10,98
"228";"Hopito Zombie Balls 0,5l puszka";"hopito";"ipa";6;16;"top";13,49
"229";"Hoplala Darling, I Love You-But. 0,5l";"hoplala";"ale";5,8;15;"top";8,99
"230";"Hoplala Dzika lala – But. 500 ml";"hoplala";"ale";5,2;13;"top";10,49
"231";"Hoplala Lady in Black – But. 0,5l";"hoplala";"stout";6,1;15;"top";8,99
"232";"Hoplala Perfekcyjna pani domu- But. 0,5l";"hoplala";"lager";5,3;13;"bottom";8,99
"233";"Hoplala Piękna mądra zdolna- But. 0,5l";"hoplala";"ale";5,1;12;"top";8,99
"234";"Hoplala Porananas- But. 0,5l";"hoplala";"ipa";5,2;13;"top";8,99
"235";"Hoplala Przyjaźń czy kochanie- But. 0,5l";"hoplala";"pszeniczne";3,9;10;"top";8,99
"236";"Hoplala Pszecudnej urody- But. 0,5l";"hoplala";"pszeniczne";3,9;10;"top";8,99
"237";"Hoplala Pszekulturalna- But. 0,5l";"hoplala";"pszeniczne";5;12;"top";8,99
"238";"Hoplala Wolna czy zajęta- But. 0,5l";"hoplala";"ipa";5,2;13;"top";8,99
"239";"Jabłonowo Na miodzie gryczanym 0,5l";"jabłonowo";"lager";5,2;16;"bottom";6,49
"240";"Jabłonowo Na miodzie z imbirem 0,5l";"jabłonowo";"lager";5;15;"bottom";6,49
"241";"Jan Olbracht 2030 Hoppy American Wheat 0,5l";"jan olbracht";"pszeniczne";4,6;12;"top";12,48
"242";"Jan Olbracht 2030 Juicy IPA – But. 0,5l";"jan olbracht";"ipa";6;15;"top";12,48
"243";"Jan Olbracht 2030 TDH Hazy IPA 0,5l";"jan olbracht";"ipa";5,8;15;"top";12,99
"244";"Jan Olbracht Córa Koryntu 0,5l";"jan olbracht";"pszeniczne";7;16;"top";7,98
"245";"Jan Olbracht Korona Olbrachta 0,5l";"jan olbracht";"ale";5,6;12;"top";6,69
"246";"Jan Olbracht Niskoalkoholowa IPA";"jan olbracht";"ipa";2;6;"top";8,99
"247";"Jan Olbracht Opactwo króla 0,5l";"jan olbracht";"ipa";7;16;"top";8,49
"248";"Jan Olbracht Pomarańczarnia 0,5l";"jan olbracht";"pszeniczne";5,6;12;"top";7,49
"249";"Jan Olbracht Powrót króla- But. 0,5l";"jan olbracht";"apa";5,6;12;"top";7,69
"250";"Jan Olbracht Śmietanka- But. 0,5l";"jan olbracht";"pszeniczne";5,6;12;"top";7,49
"251";"Jan Olbracht Tajemnice króla 0,5l";"jan olbracht";"stout";5,6;12;"top";7,69
"252";"Jurajskie Jasne Pełne – But. 0,5l";"jurajskie";"lager";4,7;11,5;"bottom";5,29
"253";"Jurajskie Pomarańcza But. 0,5l";"jurajskie";"pszeniczne";4,7;16,5;"top";7,98
"254";"Jurajskie Pszeniczne Jasne 0,5l";"jurajskie";"pszeniczne";5,3;13,1;"top";7,49
"255";"Jurajskie Różowa pantera 0,5l";"jurajskie";"ipa";7;18;"top";10,69
"256";"Jurajskie z Ostropestem- But. 0,5l";"jurajskie";"ipa";4;11,5;"top";7,49
"257";"Komes Imperial IPA 0,5l B/Zwr";"komes";"ipa";7;18;"top";7,98
"258";"Komes Russian Imperial Stout 0,5l b/zwr";"komes";"stout";12;25;"top";9,99
"259";"Kormoran ALE– Butelka. 0,5l";"kormoran";"ale";5,1;13;"top";6,49
"260";"Kormoran American IPA- But. 0,5l";"kormoran";"ipa";6;16;"top";10,98
"261";"Kormoran Jasny — But. 0,5l";"kormoran";"pils";4,9;12,5;"bottom";6,49
"262";"Kormoran Rewolucje Warmińskie- But. 0,5l";"kormoran";"lager";5,2;12,5;"bottom";6,49
"263";"Kormoran Śliwka w Piwie- But. 0,5l";"kormoran";"lager";4,4;14,5;"bottom";6,99
"264";"Kormoran Wiśnia w Piwie- But. 0,5l";"kormoran";"lager";4,7;14,5;"bottom";6,99
"265";"Krajan – Irlandzkie Ciemne- But. 0,5l";"krajan";"lager";6;14;"bottom";6,99
"266";"Krajan – Irlandzkie Jasne- But. 0,5l";"krajan";"lager";6;14,1;"bottom";6,99
"267";"Krajan – Irlandzkie Zielone- But. 0,5l";"krajan";"lager";5,5;12,1;"bottom";6,99
"268";"Kulmbach Kapuziner Waisbier – But. 0,5l";"kulmbach";"pszeniczne";5,4;12,3;"top";7,49
"269";"Kultowe Bez glutenu- But. 0,5l";"kultowe";"lager";5,2;12;"bottom";4,99
"270";"Lobster Rare Vision – But. 0,5l";"lobster";"ipa";4,9;12;"top";10,49
"271";"Lwówek Jankes Ale– But. 0,5l";"lwówek";"ale";5;12,5;"top";8,19
"272";"Madame Barrel Berta Pretzel 0,5l";"madame barrel";"ipa";7,1;16;"top";12,69
"273";"Madame Barrel Jimi Whoop – But. 0,5l";"madame barrel";"ipa";7,7;16;"top";12,99
"274";"Madame Barrel Lena Pearl – But. 0,5l";"madame barrel";"stout";9,5;27;"top";14,49
"275";"Magic Road Delicacy 0,5l puszka";"magic road";"stout";7;20;"top";14,99
"276";"Magic Road Distant Faces 0,5l puszka";"magic road";"ipa";7,7;18;"top";14,49
"277";"Magic Road Dream On 0,5l puszka";"magic road";"ipa";7,8;18;"top";14,49
"278";"Magic Road Good Habits 0,5l puszka";"magic road";"ipa";6,6;16;"top";14,99
"279";"Magic Road Just for Your Interest 0,5l puszka";"magic road";"ipa";8,8;19;"top";14,99
"280";"Magic Road Lady in Black 0,5l";"magic road";"stout";10,5;26;"top";17,49
"281";"Magic Road Perfect Breakfast 0,44l puszka";"magic road";"stout";11;27;"top";32,39
"282";"Magic Road Point in Time 0,5l puszka";"magic road";"ipa";6,2;15;"top";13,49
"283";"Magic Road Strong Beliefs 0,5l puszka";"magic road";"ipa";8,2;19;"top";14,99
"284";"Magic Road We Didn’t Plan This 0,5l puszka";"magic road";"ipa";5,1;13,5;"top";13,99
"285";"Maisel’s Weisse Kristall – But. 0,5l";"maisel’s";"ale";5;11,7;"top";7,98
"286";"Majstersztyk Włóczęga – But. 0,5l";"majstersztyk";"ale";4;11;"top";10,98
"287";"Maltgarden Beyond the Meadow 0,5l puszka";"maltgarden";"ipa";7,7;18;"top";13,99
"288";"Maltgarden Coffee to Go Brazil Cerrada Natural";"maltgarden";"stout";5,9;18;"top";10,39
"289";"Maltgarden Gate Nr 4 The Middle of Silence";"maltgarden";"stout";10,5;30;"top";45,99
"290";"Maltgarden Gate Nr 5 Iceman Interview BBA 0,5l";"maltgarden";"stout";10,5;30;"top";45,99
"291";"Maltgarden Gate Nr3 Bourbon & Maple Syrup";"maltgarden";"stout";10,5;30;"top";12,48
"292";"Maltgarden Hallertauer Pils 0,5l";"maltgarden";"pils";5;12;"bottom";10,69
"293";"Maltgarden Historical Importance 0,5l";"maltgarden";"lager";5,7;13;"bottom";9,99
"294";"Maltgarden Inappropriate Images 0,5l puszka";"maltgarden";"ipa";8,2;20;"top";13,99
"295";"Maltgarden Open End Resource 0,5l puszka";"maltgarden";"ipa";6;16;"top";8,99
"296";"Maltgarden Sandy Weekends 0,5l";"maltgarden";"pszeniczne";5;13;"top";8,99
"297";"Maltgarden Straight from the Farm 0,5l puszka";"maltgarden";"ipa";8,2;20;"top";14,49
"298";"Maltgarden These Three Letters 0,5l puszka";"maltgarden";"ipa";6;16;"top";13,99
"299";"Maltgarden Underneath the Tower 0,5l puszka";"maltgarden";"ipa";6;16;"top";13,49
"300";"Maltgarden Where Do We Begin 0,5l puszka";"maltgarden";"ipa";4,5;12;"top";13,49
"301";"Maryensztadt Bawarska pszenica – But. 0,5l";"maryensztadt";"pszeniczne";4,2;13;"top";6,49
"302";"Maryensztadt Bezglutenowe APA 0,5l";"bezglutenowe";"apa";4,1;11;"top";6,79
"303";"Maryensztadt Cherry Flanders Red Ale 0,75l";"maryensztadt";"ale";5,6;13,2;"top";34,99
"304";"Maryensztadt Darkness My Friend Oat Stout 0,44l";"maryensztadt";"stout";6;15;"top";8,99
"305";"Maryensztadt Nevermind vol. 10 0,5l";"maryensztadt";"apa";4,9;13;"top";10,98
"306";"Maryensztadt Nevermind vol. 11 0,44l puszka";"maryensztadt";"ipa";6,5;18;"top";13,99
"307";"Maryensztadt Nevermind vol. 12 0,44l puszka";"maryensztadt";"ipa";6;18;"top";14,49
"308";"Maryensztadt Nevermind vol. 5 0,44l puszka";"maryensztadt";"ipa";7,2;18;"top";14,59
"309";"Maryensztadt Nevermind vol. 7 0,44l puszka";"maryensztadt";"ipa";7,8;18;"top";13,19
"310";"Maryensztadt Niemiecki Pils 0,5l";"maryensztadt";"pils";4,5;13;"bottom";6,99
"311";"Maryensztadt Nitro Generation #1 0,44l";"maryensztadt";"stout";4,2;11;"top";11,09
"312";"Maryensztadt Projekt 30#5 – But. 0,33l (Kopia)";"maryensztadt";"stout";11,74;29,99;"top";39,99
"313";"Maryensztadt RIS Heaven Hill BA Blueberry";"maryensztadt";"stout";12;29;"top";22,99
"314";"Maryensztadt RIS Heaven Hill BA Coconut 0,44l";"maryensztadt";"stout";12;29;"top";32,39
"315";"Maryensztadt Sourtime Mango & Peach 0,5l";"maryensztadt";"ipa";6,8;18;"top";10,39
"316";"Maryensztadt Sourtime Mango IIPA 0,5l";"maryensztadt";"ipa";8,5;18;"top";10,39
"317";"Maryensztadt The Roots vol. 2 0,5l puszka";"maryensztadt";"ipa";6;16;"top";9,99
"318";"Miłosław Chmielowy Lager 0,5l puszka";"fortuna";"lager";4,5;10;"bottom";4,99
"319";"Mintaka Rigel – 500 ml puszka";"mintaka";"pszeniczne";5,4;14;"top";12,99
"320";"Monkey Feels Like Heaven 0,44l puszka";"monkey";"ipa";5,5;14;"top";11,99
"321";"Nepomucen Crazy Lines #03 0,5l puszka";"nepomucen";"ipa";7,8;22;"top";13,59
"322";"Nepomucen Crazy Lines #07 0,5l puszka";"nepomucen";"ipa";8,5;19;"top";14,49
"323";"Nepomucen Crazy Lines #10 0,5l puszka";"nepomucen";"ipa";8;18;"top";13,49
"324";"Nepomucen Crazy Lines #14 0,5l puszka";"nepomucen";"ipa";7;16,5;"top";12,99
"325";"Nepomucen Crazy Lines #15 Five o’Clock 0,5l";"nepomucen";"ipa";7,5;16,5;"top";11,39
"326";"Nepomucen Fam – 0,5l puszka";"nepomucen";"ipa";6;15,1;"top";12,99
"327";"Nepomucen Forest IPA 0,33l puszka";"nepomucen";"ipa";5,5;15,1;"top";7,49
"328";"Nepomucen From the Source Bourbon & Rum";"nepomucen";"stout";10;35;"top";19,99
"329";"Nepomucen Hall of Hops 0,5l puszka";"nepomucen";"ipa";5,5;14;"top";12,99
"330";"Nepomucen Harce – 0,5l puszka";"nepomucen";"ipa";6;15,1;"top";12,99
"331";"Nepomucen Idaho 7 0,5l puszka";"nepomucen";"ipa";7,8;19;"top";13,99
"332";"Nepomucen Jean Michel 2 0,5l puszka";"nepomucen";"stout";8,5;19;"top";11,99
"333";"Nepomucen Magnificient Three Shake It 0,5l puszka";"nepomucen";"ipa";8,2;19;"top";13,99
"334";"Nepomucen Magnificient Three: Hold It 0,5l puszka";"nepomucen";"ipa";8,2;19;"top";13,99
"335";"Nepomucen Magnificient Three: Push It 0,5l puszka";"nepomucen";"ipa";8,2;19;"top";13,99
"336";"Nepomucen Mark #2 0,5l puszka";"nepomucen";"stout";10;27,5;"top";21,99
"337";"Nepomucen Mark #3 0,5l puszka";"nepomucen";"stout";10;27,5;"top";11,99
"338";"Nepomucen Mark #4 0,5l puszka";"nepomucen";"stout";10;27,5;"top";21,99
"339";"Nepomucen Meet Our Friends Funky Fluid 0,5l";"nepomucen";"ipa";10,5;26;"top";11,99
"340";"Nepomucen Meet Our Friends Monsters 0,5l";"nepomucen";"ipa";6,4;16,5;"top";13,99
"341";"Nepomucen Meet Our Places A Good Thug 0,5l";"nepomucen";"pils";5,2;12,4;"bottom";8,49
"342";"Nepomucen Meet Our Places Multicultural";"nepomucen";"ipa";7;16,5;"top";12,99
"343";"Nepomucen Meet Our Places Naked Foot 0,5l";"nepomucen";"ipa";6,9;15,1;"top";11,99
"344";"Nepomucen Pollock 0,5l puszka";"nepomucen";"ipa";10;21;"top";12,99
"345";"Nepomucen Sabro 0,5l puszka";"nepomucen";"ipa";7,8;19;"top";13,99
"346";"Nepomucen Triple-Triple 0,5l puszka";"nepomucen";"ipa";8,5;21;"top";14,99
"347";"Nepomucen Two-Headed Giant 0,5l puszka";"nepomucen";"ipa";9,5;23;"top";14,99
"348";"Nepomucen Wood Pecker – But. 0,5l";"nepomucen";"ale";4,9;12;"top";8,49
"349";"Nook Cinnamon Danish – 0,5l puszka";"nook";"stout";6;19;"top";11,99
"350";"Nook DDH Desitka – But. 0,5l";"maryensztadt";"lager";4,4;10;"bottom";12,99
"351";"Palatum Black Eternity 0,5l puszka";"palatum";"stout";9,9;24;"top";15,99
"352";"Palatum Imperial Primus 0,5l puszka";"palatum";"ipa";7,6;18;"top";13,99
"353";"Palatum Miss Smoke 0,5l puszka";"palatum";"ipa";6,5;15,5;"top";12,48
"354";"Palatum Sinus – 0,5l puszka";"palatum";"ipa";6,3;14,5;"top";12,99
"355";"Palatum Tryumf 0,5l puszka";"palatum";"ipa";6,6;15,5;"top";13,39
"356";"Palatum Warsaw – 0,5l puszka";"palatum";"apa";5,2;12,5;"top";11,99
"357";"Palatum Xmas Stout 0,5l puszka";"palatum";"stout";6,5;16,6;"top";12,48
"358";"Palhajs Niemdłe Niefiltrowane-  But. 0,5l";"staropolski";"lager";4,7;10;"bottom";5,19
"359";"Paulaner Weissbier Dunkel 0,5l";"paulaner";"pszeniczne";5,3;12,3;"top";6,99
"360";"Perun Biały duch – But. 0,5l";"perun";"ipa";7,8;18;"top";10,39
"361";"Perun Czarny duch – But. 0,5l";"perun";"ale";7,5;18;"top";10,39
"362";"Perun Dziedzictwo Marynka- But. 0,5l";"perun";"ale";5,6;13;"top";8,49
"363";"Perun Los Chmurnika Sencha Earl Grey";"perun";"ipa";6;15;"top";10,98
"364";"Perun Raróg guarana/yerba/herbata";"perun";"ipa";7;16;"top";9,99
"365";"Perun Raróg ze świerkiem 0,5l";"perun";"ipa";7;16;"top";9,99
"366";"Perun Strzygoń- Pastry Sour- But. 0,5l";"perun";"stout";7,2;19;"top";12,29
"367";"Perun Ziarno prawdy Grejpfrut pomarańcza 0,5l";"perun";"pszeniczne";4,8;12;"top";8,99
"368";"Perun Ziarno Prawdy Hefeweizen 0,5l";"perun";"pszeniczne";4,8;12;"top";8,99
"369";"Perun Żmij American Red Ale 0,5l";"perun";"ale";4,8;13;"top";8,49
"370";"Perun Żmij ze smoczym owocem 0,5l";"perun";"ale";4,8;13;"top";8,99
"371";"Pinta A Ja Pale Ale – but 500 ml";"pinta";"apa";5;12;"top";8,49
"372";"Pinta Atak chmielu – But. 0,5l";"pinta";"ipa";6,1;15;"top";9,69
"373";"Pinta Barrel Brewing Liberty 0,33l";"pinta";"stout";13;30;"top";35,99
"374";"Pinta Barrel Brewing Synergy 0,33l";"pinta";"stout";13;30;"top";35,99
"375";"Pinta Barrel Immensity – But. 0,33l";"pinta";"stout";13;35;"top";35,99
"376";"Pinta Bawarka-pszeniczne- But. 0,5l";"pinta";"pszeniczne";5,7;13;"top";7,49
"377";"Pinta Farm to Pint 0,5l puszka";"pinta";"ipa";8,1;20;"top";13,99
"378";"Pinta Havana Stout – But. 0,5l";"pinta";"stout";6,9;16,5;"top";9,99
"379";"Pinta Hazy Discovery Berlin 0,5l puszka";"pinta";"ipa";8,5;20;"top";13,99
"380";"Pinta Hazy Discovery Copenhagen 0,5l puszka";"pinta";"ipa";6,5;16,5;"top";13,99
"381";"Pinta Hazy Discovery Stavanger 0,5l puszka";"pinta";"ipa";10,2;25;"top";14,99
"382";"Pinta Hazy Discovery Tallinn 0,5l puszka";"pinta";"ipa";10;25;"top";14,99
"383";"Pinta Hazy Discovery Vilnius 0,5l puszka";"pinta";"ipa";7,1;16,5;"top";13,99
"384";"Pinta Hazy Morning- But. 0,5l";"pinta";"apa";4,4;12;"top";8,49
"385";"Pinta Hop Detour 0,33l puszka";"pinta";"ipa";7,4;16;"top";18,99
"386";"Pinta Hoppy Crew How Far is It? 0,5l puszka";"pinta";"ipa";8,5;18;"top";10,98
"387";"Pinta Hoppy Crew Is It Enough? 0,5l puszka";"pinta";"ipa";7,1;16,5;"top";11,99
"388";"Pinta Hoppy Crew What’s So Funny? 0,5l puszka";"pinta";"ipa";8,1;20;"top";13,99
"389";"Pinta Hoppy Crew What’s Up? 0,5l puszka";"pinta";"ipa";8;20;"top";10,98
"390";"Pinta Hoppy Crew Where to Cut It? 0,5l puszka";"pinta";"ipa";7,2;16,5;"top";13,49
"391";"Pinta Hoppy Crew Who Wants Some? 0,5l puszka";"pinta";"ipa";8,6;20;"top";11,99
"392";"Pinta IIPPAA – Double Ipa- But. 0,5l";"pinta";"ipa";8,1;18;"top";9,99
"393";"Pinta Modern Drinking- But. 0,5l";"pinta";"ipa";6,5;15;"top";9,69
"394";"Pinta Oto Mata IPA- But. 0,5l";"pinta";"ipa";5,8;14;"top";9,99
"395";"Pinta Pierwsza pomoc- But. 0,5l";"pinta";"pils";4,1;10,5;"bottom";7,49
"396";"Pinta Risfactor Coffee & Maple 0,33l";"pinta";"stout";10;30;"top";14,49
"397";"Pinta Risfactor Vanilla & Coconut 0,33l";"pinta";"stout";10;30;"top";14,49
"398";"Pinta Simply the Best 0,5l puszka";"pinta";"ipa";7,4;16,5;"top";13,99
"399";"Pinta Wet Hop IPA – 0,5l puszka";"pinta";"ipa";6,8;16,5;"top";13,99
"400";"Pivovsky Banach 0,5l puszka";"pivovsky";"ipa";5,3;14;"top";12,99
"401";"Pivovsky Con – 0,5l puszka";"pivovsky";"ipa";5;14;"top";12,99
"402";"Pivovsky Funk – 500 ml puszka";"pivovsky";"ipa";5,5;14;"top";12,99
"403";"Pivovsky Sin – 500 ml puszka";"pivovsky";"ipa";5;14;"top";12,99
"404";"Pivovsky Tesla 0,5litra puszka";"pivovsky";"ipa";5,4;14;"top";12,99
"405";"Piwne Podziemie Angelico Stout 0,5l";"piwne podziemie";"stout";7,2;19;"top";10,98
"406";"Piwne Podziemie Biotransformers #3 0,5l";"piwne podziemie";"ipa";8,9;18;"top";14,39
"407";"Piwne Podziemie Black Dankness 0,5l puszka";"piwne podziemie";"ipa";6,6;16;"top";11,99
"408";"Piwne Podziemie Chmielokrata Ekuanot";"piwne podziemie";"ipa";6;15;"top";12,99
"409";"Piwne Podziemie Chmielokrata El Dorado";"piwne podziemie";"ipa";6;15;"top";12,99
"410";"Piwne Podziemie Chmielokrata HBC 586";"piwne podziemie";"ipa";6,2;15;"top";12,58
"411";"Piwne Podziemie Coffeelicious Special 0,5l";"piwne podziemie";"stout";6,3;18;"top";10,98
"412";"Piwne Podziemie Dank Side of the Moon 0,5l puszka";"piwne podziemie";"ipa";8;18;"top";14,49
"413";"Piwne Podziemie Double Ego 0,5l puszka";"piwne podziemie";"ipa";8,2;18;"top";12,99
"414";"Piwne Podziemie Juicy Trap #4 0,5l puszka";"piwne podziemie";"ipa";7,7;18;"top";13,99
"415";"Piwne Podziemie Juicy Trap #5 0,5l puszka";"piwne podziemie";"ipa";7,9;18;"top";14,29
"416";"Piwne Podziemie Juicy Trap #6 0,5l puszka";"piwne podziemie";"ipa";7,9;18;"top";14,29
"417";"Piwne Podziemie Juicy Trap #7 0,5l puszka";"piwne podziemie";"ipa";8;18;"top";14,99
"418";"Piwne Podziemie Juicy Trap #8 0,5l puszka";"piwne podziemie";"ipa";8;18;"top";14,99
"419";"Piwne Podziemie Sorachi Ninja 0,5l";"piwne podziemie";"pils";5;12;"bottom";9,99
"420";"Piwne Podziemie Triple Lush 0,5l puszka";"piwne podziemie";"ipa";9,4;20;"top";14,49
"421";"Piwne Podziemie Triple Vision 0,5l puszka";"piwne podziemie";"ipa";8,2;18;"top";13,49
"422";"Piwne Podziemie Tropicalia 0,5l puszka";"piwne podziemie";"ipa";4,4;13;"top";10,98
"423";"PRL Jasne niefiltrowane 0,5l puszka";"prl";"lager";4,7;10;"bottom";5,49
"424";"Profesja Car – butelka 330 ml";"profesja";"stout";13;28;"top";13,99
"425";"Profesja Cosplayer – But. 0,5l";"profesja";"ipa";4,7;11;"top";8,99
"426";"Profesja Dobosz Pszenica – But. 0,5l";"profesja";"pszeniczne";4,1;10;"top";8,99
"427";"Profesja Elektryk – butelka 0,5l";"profesja";"ipa";8,9;19;"top";11,99
"428";"Profesja Hopbot – 0,5l puszka";"profesja";"apa";5,1;12;"top";11,39
"429";"Profesja Kowboj – But. 500 ml";"profesja";"ipa";7;16;"top";10,49
"430";"Profesja Kulturysta – But. 0,5l";"profesja";"ipa";9,5;19;"top";32,39
"431";"Profesja Miksolog – But. 500ml";"profesja";"ipa";6;14;"top";9,99
"432";"Profesja Pogromca Smoków- But. 0,5l";"profesja";"apa";5,1;12;"top";8,99
"433";"Profesja Przekupka- But. 0,5l";"profesja";"pszeniczne";6,1;15,5;"top";9,29
"434";"Profesja Rockman- But. 0,5l";"profesja";"ipa";6,8;16;"top";9,99
"435";"Profesja Szlachcic – But. 0,5l";"profesja";"ipa";4,9;10,5;"top";9,99
"436";"Raciborskie Klasyczne – But. 0,5l";"browar zamkowy racibórz";"lager";5;12;"bottom";5,39
"437";"Raciborskie Mocne – But. 0,5l";"browar zamkowy racibórz";"lager";6,4;15;"bottom";5,99
"438";"ReCraft Banany na rauszu – But. 0,5l";"recraft";"pszeniczne";4,6;12;"top";32,39
"439";"ReCraft Black Curris – But. 0,33l";"recraft";"stout";8,5;25;"top";18,99
"440";"ReCraft Cold Strata IPA – But. 0,5l";"recraft";"ipa";6,2;15;"top";9,99
"441";"ReCraft Double Vision 0,5l puszka";"recraft";"ipa";7,2;18;"top";11,49
"442";"ReCraft MC Farmer – But. 0,5l";"recraft";"ipa";6;15;"top";8,49
"443";"ReCraft Milkołak – But. 0,5l";"recraft";"stout";5,2;16;"top";8,49
"444";"ReCraft Polish Hops Cold IPA 0,5l";"recraft";"ipa";6;15;"top";9,99
"445";"ReCraft Polska Pszenica – But. 0,5l";"recraft";"pszeniczne";4,6;12;"top";8,49
"446";"ReCraft Purista – But. 330 ml";"recraft";"stout";11;26;"top";18,99
"447";"ReCraft RIS 24 Bourbon & Rum BA 0,5l";"recraft";"stout";9,5;24;"top";18,99
"448";"ReCraft Vermont IPA – But. 0,5l";"recraft";"ipa";5,9;15;"top";8,99
"449";"ReCraft Wielka Szycha – But. 0,5l";"recraft";"pils";5;12;"bottom";7,98
"450";"Sarabanda I Want You Now 0,5l puszka";"sarabanda";"ipa";6,7;16;"top";13,99
"451";"Sarabanda Pungently Tropical 0,5l puszka";"sarabanda";"ipa";6,7;16,5;"top";15,99
"452";"SoliPiwko Hop Chapo 0,5l puszka";"solipiwko";"ipa";6,3;18;"top";13,99
"453";"SoliPiwko Hop Costello 0,5l puszka";"solipiwko";"ipa";6,3;18;"top";14
"454";"SoliPiwko Hop Escobar 0,5l puszka";"solipiwko";"ipa";6,4;18;"top";13,99
"455";"Sourtime Pastry Sour IPA Blackberry & Cherry";"maryensztadt";"ipa";6,8;18;"top";10,39
"456";"Staropolskie Dworskie 0,5l puszka";"staropolskie";"lager";5,7;12;"bottom";5,49
"457";"Staropolskie Pszenne- But. 0,5l";"staropolski";"pszeniczne";5,2;12;"top";6,89
"458";"Tenczynek Cesky Lezak- But. 0,5l";"tenczynek";"lager";5;11;"bottom";4,99
"459";"Tenczynek Lager – But. 0,5l";"tenczynek";"lager";5;11,5;"bottom";4,99
"460";"Tenczynek Pszeniczne – But. 0,5l";"tenczynek";"pszeniczne";5,2;12,5;"top";6,49
"461";"Triochgornoje Premium Ale – But. 0,45l";"triochgornoje";"ale";4,9;12;"top";6,49
"462";"Trzech Kumpli American Beauty 0,5l";"trzech kumpli";"ale";5;12,5;"top";10,69
"463";"Trzech Kumpli Blackcyl Triple 0,5l";"trzech kumpli";"ipa";9;21;"top";16,69
"464";"Trzech Kumpli Califia 0,5l puszka";"trzech kumpli";"ipa";7;16,5;"top";11,69
"465";"Trzech Kumpli Idiota RIS 0,33l";"trzech kumpli";"stout";10,5;28;"top";16,29
"466";"Trzech Kumpli Igrok – But. 0,33l";"trzech kumpli";"stout";10,5;28;"top";29,99
"467";"Trzech Kumpli Knotty – But. 0,5l";"trzech kumpli";"lager";5,8;14;"bottom";10,98
"468";"Trzech Kumpli Lager niemiecki – But. 0,5l";"trzech kumpli";"lager";5,3;12,5;"bottom";9,99
"469";"Trzech Kumpli Misty 0,5l puszka";"trzech kumpli";"ipa";5,5;15;"top";11,49
"470";"Trzech Kumpli Misty- But. 0,5l";"trzech kumpli";"ipa";5,5;15;"top";11,69
"471";"Trzech Kumpli Nesta – But. 0,5l";"trzech kumpli";"stout";6;16,5;"top";9,99
"472";"Trzech Kumpli Oaty- But. 0,5l";"trzech kumpli";"stout";5,5;15,5;"top";8,49
"473";"Trzech Kumpli Pan Ipani 0,5l puszka";"trzech kumpli";"ipa";6;16,5;"top";11,99
"474";"Trzech Kumpli Pan Ipani Triple 0,5l";"trzech kumpli";"ipa";8;21;"top";15,99
"475";"Trzech Kumpli Pia – But. 0,5l";"trzech kumpli";"ipa";4,4;12,5;"top";10,98
"476";"Trzech Kumpli Piece of Cake 0,5l";"trzech kumpli";"ipa";6;14;"top";9,99
"477";"Trzech Kumpli Pils 0,5l puszka";"trzech kumpli";"pils";4,4;10,5;"bottom";8,99
"478";"Trzech Kumpli Pils- But. 0,5l";"trzech kumpli";"pils";4,4;10,5;"bottom";8,99
"479";"Trzech Kumpli Weizen- But. 0,5l";"trzech kumpli";"pszeniczne";5;12,5;"top";8,99
"480";"Wielka Sowa Amper- But. 0,5l";"wielka sowa";"apa";4,9;12;"top";7,98
"481";"Wielka Sowa Bateria – But. 0,5l";"wielka sowa";"lager";4,9;12;"bottom";7,98
"482";"Wielka Sowa Ciemne- But. 0,5l";"wielka sowa";"lager";4,9;12;"bottom";6,99
"483";"Wielka Sowa Faza – butelka 500 ml";"wielka sowa";"ipa";6,5;16;"top";7,98
"484";"Wielka Sowa Jasne – But.  0,5l";"wielka sowa";"lager";4,9;12;"bottom";6,99
"485";"Wielka Sowa Marcowe – But. 0,5l";"wielka sowa";"lager";6,3;13,8;"bottom";6,99
"486";"Wielka Sowa Pils –But. 0,5l";"wielka sowa";"pils";4,5;11;"bottom";6,99
"487";"Wielka Sowa Przepięcie- But. 0,5l";"wielka sowa";"ale";3,8;10,2;"top";7,98
"488";"Wielka Sowa Pszeniczne mango/marakuja-But. 0,5l";"wielka sowa";"pszeniczne";4,9;12;"top";7,98
"489";"Wielka Sowa Pszeniczne- But. 0,5l";"wielka sowa";"pszeniczne";4,9;12;"top";6,99
"490";"Wielka Sowa Rezystor- But. 0,5l";"wielka sowa";"stout";4,5;16;"top";7,98
"491";"Wielka Sowa Zimowe- But. 0,5l";"wielka sowa";"ale";4,5;16;"top";7,98
"492";"Za Miastem Błogi stan- But. 0,5l";"za miastem";"ipa";6;15;"top";10,49
"493";"Za Miastem Cicha noc- But. 0,5l";"za miastem";"stout";5,8;16;"top";9,99
"494";"Za Miastem Dobra Noc- But. 0,5l";"za miastem";"stout";5,8;15;"top";9,59
"495";"Za Miastem Dobrze jest – But. 0,5l";"za miastem";"ipa";5,6;14;"top";9,99
"496";"Za Miastem Dzień wolny- But. 0,5l";"za miastem";"pszeniczne";5,6;12,5;"top";7,98
"497";"Za Miastem Lekkość Bytu – But. 0.5l";"za miastem";"pils";4,8;11,5;"bottom";8,49
"498";"Za Miastem Pełen luz- But. 0,5l";"za miastem";"ipa";6,5;16;"top";9,99
"499";"Za Miastem Słoneczny dzień – But. 0,5l";"za miastem";"pszeniczne";4,8;12,4;"top";9,48
"500";"Za Miastem Strefa relaksu 0,5l";"za miastem";"stout";5,8;15;"top";9,99
"501";"Za Miastem Wieczorową porą – But. 0,5l";"za miastem";"ipa";6;15;"top";9,99
"502";"Zatecky Gus Svetly – But. 0,48l";"zatecky";"lager";4,6;11;"bottom";5,49
"503";"Zestaw Św. Patryka – 6 piw/0,5l";"krajan";"pszeniczne";4,4;12,1;"top";41,94
"504";"Perun Jasny Grom- But. 0,5l";"perun";"apa";5,6;13;"top";8,99
"505";"Nepomucen Milo Pszeniczne But. 0,5l";"nepomucen";"pszeniczne";4,9;12,4;"top";8,39
"506";"Perun Noc Kupały- But. 0,5l";"perun";"stout";6,4;15;"top";8,49
"507";"Profesja Piwowar – Mango –  But. 0,5l";"profesja";"pszeniczne";4,9;11,9;"top";8,99
"508";"Perun Profanum IPA- But. 0,5l";"perun";"ipa";5,6;13;"top";10,39
"509";"Nepomucen Range ALE 0,5l";"nepomucen";"ale";5;12;"top";8,49
"510";"Perun Topór Peruna – But. 0,5l";"perun";"ipa";8,1;19;"top";8,99
"511";"Profesja Latarnik – But. 500 ml";"profesja";"stout";4,1;10,5;"top";11,99
"512";"Maryensztadt Mysterious IPA 0,5l";"maryensztadt";"ipa";6,5;15;"top";10,39
"513";"Maryensztadt Sourtime Agrest 0,5l";"maryensztadt";"ale";3,5;9;"top";8,99
"514";"Profesja Alchemik- But. 500 ml";"profesja";"apa";6,8;15,9;"top";9,99
"515";"Profesja Bard ALE- But. 0,5l";"profesja";"apa";5,9;13;"top";9,99
"516";"Za Miastem Długi weekend 0,5l";"za miastem";"pils";5;12,1;"bottom";7,98
"517";"Birbant Hopsbant Fresh IPA 0,5l";"birbant";"ipa";6,7;16,5;"top";9,99
"518";"Piwne Podziemie Juicilicious 0,5l";"piwne podziemie";"ipa";6;15;"top";10,49
"519";"Birbant OZ Whisky BA 0,33l";"birbant";"stout";10,5;24,5;"top";15,49
"520";"Salamander Pale Ale- But. 0,5l";"stu mostów";"ale";4,8;12,5;"top";9,99
"521";"Birbant Klasyczny Weizen 0,5l";"birbant";"pszeniczne";5,1;12;"top";7,49
"522";"Za Miastem Własne sprawy But. 0,5l";"za miastem";"apa";6;13,6;"top";9,79
"523";"WRCLW Pszeniczny – But. 0,5l";"stu mostów";"pszeniczne";4,5;11;"top";7,79
